aircraft_id,aircraft_type_id,airline_id,synthetic_identifier,base_airport_id
1,1,204284,SYN-000001,3622
2,1,213140,SYN-000002,5536
3,1,32396,SYN-000003,5598
4,1,188920,SYN-000004,5598
5,1,174769,SYN-000005,5627
6,1,185339,SYN-000006,5598
7,1,9325,SYN-000007,5528
8,1,131005,SYN-000008,5531
9,1,32245,SYN-000009,5544
10,1,32491,SYN-000010,3754
11,1,204284,SYN-000011,5536
12,1,213140,SYN-000012,5531
13,1,32396,SYN-000013,3878
14,1,188920,SYN-000014,5536
15,1,174769,SYN-000015,3622
16,1,185339,SYN-000016,27066
17,1,9325,SYN-000017,26887
18,1,131005,SYN-000018,3754
19,1,32245,SYN-000019,5627
20,1,32491,SYN-000020,5671
21,1,204284,SYN-000021,26874
22,1,213140,SYN-000022,5528
23,1,32396,SYN-000023,5598
24,1,188920,SYN-000024,5536
25,1,174769,SYN-000025,5653
26,1,185339,SYN-000026,5598
27,1,9325,SYN-000027,3875
28,1,131005,SYN-000028,26887
29,1,32245,SYN-000029,5531
30,1,32491,SYN-000030,5598
31,1,204284,SYN-000031,5531
32,1,213140,SYN-000032,5627
33,1,32396,SYN-000033,5671
34,1,188920,SYN-000034,5671
35,1,174769,SYN-000035,5653
36,1,185339,SYN-000036,1990
37,1,9325,SYN-000037,28118
38,1,131005,SYN-000038,3878
39,1,32245,SYN-000039,5653
40,1,32491,SYN-000040,26535
41,1,204284,SYN-000041,2434
42,1,213140,SYN-000042,5627
43,1,32396,SYN-000043,3384
44,1,188920,SYN-000044,26887
45,1,174769,SYN-000045,3622
46,1,185339,SYN-000046,5544
47,1,9325,SYN-000047,5531
48,1,131005,SYN-000048,5671
49,1,32245,SYN-000049,28118
50,1,32491,SYN-000050,5627
51,1,204284,SYN-000051,3754
52,1,213140,SYN-000052,3754
53,1,32396,SYN-000053,5544
54,1,188920,SYN-000054,3878
55,1,174769,SYN-000055,5627
56,1,185339,SYN-000056,2434
57,1,9325,SYN-000057,3632
58,1,131005,SYN-000058,5653
59,1,32245,SYN-000059,5531
60,1,32491,SYN-000060,26535
61,1,204284,SYN-000061,5576
62,1,213140,SYN-000062,3754
63,1,32396,SYN-000063,5627
64,1,188920,SYN-000064,5627
65,1,174769,SYN-000065,5544
66,1,185339,SYN-000066,5576
67,1,9325,SYN-000067,5544
68,1,131005,SYN-000068,26887
69,1,32245,SYN-000069,26535
70,1,32491,SYN-000070,5531
71,1,204284,SYN-000071,3622
72,1,213140,SYN-000072,2434
73,1,32396,SYN-000073,5653
74,1,188920,SYN-000074,5671
75,1,174769,SYN-000075,5576
76,1,185339,SYN-000076,5544
77,1,9325,SYN-000077,5536
78,1,131005,SYN-000078,5531
79,1,32245,SYN-000079,26874
80,1,32491,SYN-000080,5544
81,1,204284,SYN-000081,3878
82,1,213140,SYN-000082,5627
83,1,32396,SYN-000083,5627
84,1,188920,SYN-000084,5671
85,1,174769,SYN-000085,5564
86,1,185339,SYN-000086,3754
87,1,9325,SYN-000087,3384
88,1,131005,SYN-000088,5544
89,1,32245,SYN-000089,5564
90,1,32491,SYN-000090,5627
91,1,204284,SYN-000091,3632
92,1,213140,SYN-000092,5536
93,1,32396,SYN-000093,5627
94,1,188920,SYN-000094,5598
95,1,174769,SYN-000095,3622
96,1,185339,SYN-000096,5598
97,1,9325,SYN-000097,5671
98,1,131005,SYN-000098,5576
99,1,32245,SYN-000099,3632
100,1,32491,SYN-000100,1990
101,1,204284,SYN-000101,5531
102,1,213140,SYN-000102,5536
103,1,32396,SYN-000103,5536
104,1,188920,SYN-000104,5536
105,1,174769,SYN-000105,3384
106,1,185339,SYN-000106,5536
107,1,9325,SYN-000107,3754
108,1,131005,SYN-000108,26535
109,1,32245,SYN-000109,5671
110,1,32491,SYN-000110,5544
111,1,204284,SYN-000111,5531
112,1,213140,SYN-000112,5598
113,1,32396,SYN-000113,5598
114,1,188920,SYN-000114,26887
115,1,174769,SYN-000115,5564
116,1,185339,SYN-000116,5627
117,1,9325,SYN-000117,3878
118,1,131005,SYN-000118,5531
119,1,32245,SYN-000119,3632
120,1,32491,SYN-000120,3622
121,1,204284,SYN-000121,2434
122,1,213140,SYN-000122,26535
123,1,32396,SYN-000123,2434
124,1,188920,SYN-000124,5653
125,1,174769,SYN-000125,5536
126,1,185339,SYN-000126,5576
127,1,9325,SYN-000127,3384
128,1,131005,SYN-000128,3632
129,1,32245,SYN-000129,5598
130,1,32491,SYN-000130,5536
131,1,204284,SYN-000131,27066
132,1,213140,SYN-000132,28118
133,1,32396,SYN-000133,5598
134,1,188920,SYN-000134,4185
135,1,174769,SYN-000135,3622
136,1,185339,SYN-000136,3875
137,1,9325,SYN-000137,26874
138,1,131005,SYN-000138,3878
139,1,32245,SYN-000139,5671
140,1,32491,SYN-000140,1990
141,1,204284,SYN-000141,5564
142,1,213140,SYN-000142,5564
143,1,32396,SYN-000143,3632
144,1,188920,SYN-000144,27145
145,1,174769,SYN-000145,5627
146,1,185339,SYN-000146,26887
147,1,9325,SYN-000147,5598
148,1,131005,SYN-000148,5671
149,1,32245,SYN-000149,28118
150,1,32491,SYN-000150,5536
151,1,204284,SYN-000151,1990
152,1,213140,SYN-000152,3632
153,1,32396,SYN-000153,5671
154,1,188920,SYN-000154,5531
155,1,174769,SYN-000155,1990
156,1,185339,SYN-000156,26874
157,1,9325,SYN-000157,5653
158,1,131005,SYN-000158,5531
159,1,32245,SYN-000159,3754
160,1,32491,SYN-000160,5536
161,1,204284,SYN-000161,26887
162,1,213140,SYN-000162,26874
163,1,32396,SYN-000163,5598
164,1,188920,SYN-000164,3632
165,1,174769,SYN-000165,5627
166,1,185339,SYN-000166,2212
167,1,9325,SYN-000167,3632
