schedule_id,route_id,aircraft_id,synthetic_flight_number,valid_from_utc,valid_to_utc,departure_time_utc,duration_minutes,operating_days_utc,is_synthetic
1,1,1,SYN000001,2026-01-01,2026-01-30,00:41:00,490,1234567,1
2,2,1,SYN000002,2026-01-01,2026-01-30,09:51:00,490,1234567,1
3,3,2,SYN000003,2026-01-01,2026-01-30,00:57:00,425,1234567,1
4,4,2,SYN000004,2026-01-01,2026-01-30,09:02:00,425,1234567,1
5,5,3,SYN000005,2026-01-01,2026-01-30,16:29:00,125,1234567,1
6,6,3,SYN000006,2026-01-01,2026-01-30,19:34:00,125,1234567,1
7,7,4,SYN000007,2026-01-01,2026-01-30,17:15:00,50,1234567,1
8,8,4,SYN000008,2026-01-01,2026-01-30,19:05:00,50,1234567,1
9,9,5,SYN000009,2026-01-01,2026-01-30,09:12:00,205,1234567,1
10,10,5,SYN000010,2026-01-01,2026-01-30,13:37:00,205,1234567,1
11,11,6,SYN000011,2026-01-01,2026-01-30,02:15:00,125,1234567,1
12,12,6,SYN000012,2026-01-01,2026-01-30,05:20:00,125,1234567,1
13,13,7,SYN000013,2026-01-01,2026-01-30,02:22:00,290,1234567,1
14,14,7,SYN000014,2026-01-01,2026-01-30,08:12:00,290,1234567,1
15,15,8,SYN000015,2026-01-01,2026-01-30,11:20:00,140,1234567,1
16,16,8,SYN000016,2026-01-01,2026-01-30,14:40:00,140,1234567,1
17,17,9,SYN000017,2026-01-01,2026-01-30,03:11:00,435,1234567,1
18,18,9,SYN000018,2026-01-01,2026-01-30,11:26:00,435,1234567,1
19,19,10,SYN000019,2026-01-01,2026-01-30,02:48:00,530,1234567,1
20,20,10,SYN000020,2026-01-01,2026-01-30,12:38:00,530,1234567,1
21,21,11,SYN000021,2026-01-01,2026-01-30,18:29:00,55,1234567,1
22,22,11,SYN000022,2026-01-01,2026-01-30,20:24:00,55,1234567,1
23,23,12,SYN000023,2026-01-01,2026-01-30,08:01:00,165,1234567,1
24,24,12,SYN000024,2026-01-01,2026-01-30,11:46:00,165,1234567,1
25,25,13,SYN000025,2026-01-01,2026-01-30,09:41:00,360,1234567,1
26,26,13,SYN000026,2026-01-01,2026-01-30,16:41:00,360,1234567,1
27,27,14,SYN000027,2026-01-01,2026-01-30,05:10:00,135,1234567,1
28,28,14,SYN000028,2026-01-01,2026-01-30,08:25:00,135,1234567,1
29,29,15,SYN000029,2026-01-01,2026-01-30,00:03:00,490,1234567,1
30,30,15,SYN000030,2026-01-01,2026-01-30,09:13:00,490,1234567,1
31,31,16,SYN000031,2026-01-01,2026-01-30,04:17:00,245,1234567,1
32,32,16,SYN000032,2026-01-01,2026-01-30,09:22:00,245,1234567,1
33,33,17,SYN000033,2026-01-01,2026-01-30,07:06:00,150,1234567,1
34,34,17,SYN000034,2026-01-01,2026-01-30,10:36:00,150,1234567,1
35,35,18,SYN000035,2026-01-01,2026-01-30,00:15:00,530,1234567,1
36,36,18,SYN000036,2026-01-01,2026-01-30,10:05:00,530,1234567,1
37,37,19,SYN000037,2026-01-01,2026-01-30,05:21:00,395,1234567,1
38,38,19,SYN000038,2026-01-01,2026-01-30,12:56:00,395,1234567,1
39,39,20,SYN000039,2026-01-01,2026-01-30,07:47:00,330,1234567,1
40,40,20,SYN000040,2026-01-01,2026-01-30,14:17:00,330,1234567,1
41,41,21,SYN000041,2026-01-01,2026-01-30,01:08:00,530,1234567,1
42,42,21,SYN000042,2026-01-01,2026-01-30,10:58:00,530,1234567,1
43,43,22,SYN000043,2026-01-01,2026-01-30,04:13:00,105,1234567,1
44,44,22,SYN000044,2026-01-01,2026-01-30,06:58:00,105,1234567,1
45,45,23,SYN000045,2026-01-01,2026-01-30,12:32:00,110,1234567,1
46,46,23,SYN000046,2026-01-01,2026-01-30,15:22:00,110,1234567,1
47,47,24,SYN000047,2026-01-01,2026-01-30,10:39:00,55,1234567,1
48,48,24,SYN000048,2026-01-01,2026-01-30,12:34:00,55,1234567,1
49,49,25,SYN000049,2026-01-01,2026-01-30,15:45:00,155,1234567,1
50,50,25,SYN000050,2026-01-01,2026-01-30,19:20:00,155,1234567,1
51,51,26,SYN000051,2026-01-01,2026-01-30,12:31:00,235,1234567,1
52,52,26,SYN000052,2026-01-01,2026-01-30,17:26:00,235,1234567,1
53,53,27,SYN000053,2026-01-01,2026-01-30,04:49:00,340,1234567,1
54,54,27,SYN000054,2026-01-01,2026-01-30,11:29:00,340,1234567,1
55,55,28,SYN000055,2026-01-01,2026-01-30,03:57:00,65,1234567,1
56,56,28,SYN000056,2026-01-01,2026-01-30,06:02:00,65,1234567,1
57,57,29,SYN000057,2026-01-01,2026-01-30,00:58:00,460,1234567,1
58,58,29,SYN000058,2026-01-01,2026-01-30,09:38:00,460,1234567,1
59,59,30,SYN000059,2026-01-01,2026-01-30,09:33:00,235,1234567,1
60,60,30,SYN000060,2026-01-01,2026-01-30,14:28:00,235,1234567,1
61,61,31,SYN000061,2026-01-01,2026-01-30,03:43:00,80,1234567,1
62,62,31,SYN000062,2026-01-01,2026-01-30,06:03:00,80,1234567,1
63,63,32,SYN000063,2026-01-01,2026-01-30,02:59:00,135,1234567,1
64,64,32,SYN000064,2026-01-01,2026-01-30,06:14:00,135,1234567,1
65,65,33,SYN000065,2026-01-01,2026-01-30,03:59:00,155,1234567,1
66,66,33,SYN000066,2026-01-01,2026-01-30,07:34:00,155,1234567,1
67,67,34,SYN000067,2026-01-01,2026-01-30,11:05:00,145,1234567,1
68,68,34,SYN000068,2026-01-01,2026-01-30,14:30:00,145,1234567,1
69,69,35,SYN000069,2026-01-01,2026-01-30,01:23:00,560,1234567,1
70,70,35,SYN000070,2026-01-01,2026-01-30,11:43:00,560,1234567,1
71,71,36,SYN000071,2026-01-01,2026-01-30,01:09:00,530,1234567,1
72,72,36,SYN000072,2026-01-01,2026-01-30,10:59:00,530,1234567,1
73,73,37,SYN000073,2026-01-01,2026-01-30,11:57:00,135,1234567,1
74,74,37,SYN000074,2026-01-01,2026-01-30,15:12:00,135,1234567,1
75,75,38,SYN000075,2026-01-01,2026-01-30,06:42:00,305,1234567,1
76,76,38,SYN000076,2026-01-01,2026-01-30,12:47:00,305,1234567,1
77,77,39,SYN000077,2026-01-01,2026-01-30,04:24:00,155,1234567,1
78,78,39,SYN000078,2026-01-01,2026-01-30,07:59:00,155,1234567,1
79,79,40,SYN000079,2026-01-01,2026-01-30,12:33:00,240,1234567,1
80,80,40,SYN000080,2026-01-01,2026-01-30,17:33:00,240,1234567,1
81,81,41,SYN000081,2026-01-01,2026-01-30,04:20:00,70,1234567,1
82,82,41,SYN000082,2026-01-01,2026-01-30,06:30:00,70,1234567,1
83,63,42,SYN000083,2026-01-01,2026-01-30,02:53:00,135,1234567,1
84,64,42,SYN000084,2026-01-01,2026-01-30,06:08:00,135,1234567,1
85,83,43,SYN000085,2026-01-01,2026-01-30,10:39:00,135,1234567,1
86,84,43,SYN000086,2026-01-01,2026-01-30,13:54:00,135,1234567,1
87,85,44,SYN000087,2026-01-01,2026-01-30,15:27:00,150,1234567,1
88,86,44,SYN000088,2026-01-01,2026-01-30,18:57:00,150,1234567,1
89,87,45,SYN000089,2026-01-01,2026-01-30,10:10:00,345,1234567,1
90,88,45,SYN000090,2026-01-01,2026-01-30,16:55:00,345,1234567,1
91,89,46,SYN000091,2026-01-01,2026-01-30,08:37:00,150,1234567,1
92,90,46,SYN000092,2026-01-01,2026-01-30,12:07:00,150,1234567,1
93,91,47,SYN000093,2026-01-01,2026-01-30,13:22:00,80,1234567,1
94,92,47,SYN000094,2026-01-01,2026-01-30,15:42:00,80,1234567,1
95,93,48,SYN000095,2026-01-01,2026-01-30,03:02:00,330,1234567,1
96,94,48,SYN000096,2026-01-01,2026-01-30,09:32:00,330,1234567,1
97,95,49,SYN000097,2026-01-01,2026-01-30,16:48:00,135,1234567,1
98,96,49,SYN000098,2026-01-01,2026-01-30,20:03:00,135,1234567,1
99,97,50,SYN000099,2026-01-01,2026-01-30,05:02:00,265,1234567,1
100,98,50,SYN000100,2026-01-01,2026-01-30,10:27:00,265,1234567,1
101,99,51,SYN000101,2026-01-01,2026-01-30,09:06:00,120,1234567,1
102,100,51,SYN000102,2026-01-01,2026-01-30,12:06:00,120,1234567,1
103,101,52,SYN000103,2026-01-01,2026-01-30,00:21:00,555,1234567,1
104,102,52,SYN000104,2026-01-01,2026-01-30,10:36:00,555,1234567,1
105,103,53,SYN000105,2026-01-01,2026-01-30,04:27:00,500,1234567,1
106,104,53,SYN000106,2026-01-01,2026-01-30,13:47:00,500,1234567,1
107,105,54,SYN000107,2026-01-01,2026-01-30,08:10:00,270,1234567,1
108,106,54,SYN000108,2026-01-01,2026-01-30,13:40:00,270,1234567,1
109,107,55,SYN000109,2026-01-01,2026-01-30,11:48:00,135,1234567,1
110,108,55,SYN000110,2026-01-01,2026-01-30,15:03:00,135,1234567,1
111,109,56,SYN000111,2026-01-01,2026-01-30,04:15:00,465,1234567,1
112,110,56,SYN000112,2026-01-01,2026-01-30,13:00:00,465,1234567,1
113,111,57,SYN000113,2026-01-01,2026-01-30,09:18:00,310,1234567,1
114,112,57,SYN000114,2026-01-01,2026-01-30,15:28:00,310,1234567,1
115,113,58,SYN000115,2026-01-01,2026-01-30,08:05:00,400,1234567,1
116,114,58,SYN000116,2026-01-01,2026-01-30,15:45:00,400,1234567,1
117,115,59,SYN000117,2026-01-01,2026-01-30,08:23:00,70,1234567,1
118,116,59,SYN000118,2026-01-01,2026-01-30,10:33:00,70,1234567,1
119,117,60,SYN000119,2026-01-01,2026-01-30,12:50:00,170,1234567,1
120,118,60,SYN000120,2026-01-01,2026-01-30,16:40:00,170,1234567,1
121,119,61,SYN000121,2026-01-01,2026-01-30,00:46:00,185,1234567,1
122,120,61,SYN000122,2026-01-01,2026-01-30,04:51:00,185,1234567,1
123,121,62,SYN000123,2026-01-01,2026-01-30,11:50:00,120,1234567,1
124,122,62,SYN000124,2026-01-01,2026-01-30,14:50:00,120,1234567,1
125,123,63,SYN000125,2026-01-01,2026-01-30,07:34:00,205,1234567,1
126,124,63,SYN000126,2026-01-01,2026-01-30,11:59:00,205,1234567,1
127,125,64,SYN000127,2026-01-01,2026-01-30,03:11:00,450,1234567,1
128,126,64,SYN000128,2026-01-01,2026-01-30,11:41:00,450,1234567,1
129,127,65,SYN000129,2026-01-01,2026-01-30,01:26:00,500,1234567,1
130,128,65,SYN000130,2026-01-01,2026-01-30,10:46:00,500,1234567,1
131,129,66,SYN000131,2026-01-01,2026-01-30,02:49:00,115,1234567,1
132,130,66,SYN000132,2026-01-01,2026-01-30,05:44:00,115,1234567,1
133,131,67,SYN000133,2026-01-01,2026-01-30,04:13:00,215,1234567,1
134,132,67,SYN000134,2026-01-01,2026-01-30,08:48:00,215,1234567,1
135,133,68,SYN000135,2026-01-01,2026-01-30,06:01:00,150,1234567,1
136,134,68,SYN000136,2026-01-01,2026-01-30,09:31:00,150,1234567,1
137,135,69,SYN000137,2026-01-01,2026-01-30,03:09:00,500,1234567,1
138,136,69,SYN000138,2026-01-01,2026-01-30,12:29:00,500,1234567,1
139,137,70,SYN000139,2026-01-01,2026-01-30,03:37:00,455,1234567,1
140,138,70,SYN000140,2026-01-01,2026-01-30,12:12:00,455,1234567,1
141,139,71,SYN000141,2026-01-01,2026-01-30,16:14:00,135,1234567,1
142,140,71,SYN000142,2026-01-01,2026-01-30,19:29:00,135,1234567,1
143,141,72,SYN000143,2026-01-01,2026-01-30,00:51:00,95,1234567,1
144,142,72,SYN000144,2026-01-01,2026-01-30,03:26:00,95,1234567,1
145,143,73,SYN000145,2026-01-01,2026-01-30,08:23:00,155,1234567,1
146,144,73,SYN000146,2026-01-01,2026-01-30,11:58:00,155,1234567,1
147,145,74,SYN000147,2026-01-01,2026-01-30,00:12:00,330,1234567,1
148,146,74,SYN000148,2026-01-01,2026-01-30,06:42:00,330,1234567,1
149,147,75,SYN000149,2026-01-01,2026-01-30,06:45:00,435,1234567,1
150,148,75,SYN000150,2026-01-01,2026-01-30,15:00:00,435,1234567,1
151,149,76,SYN000151,2026-01-01,2026-01-30,02:21:00,305,1234567,1
152,150,76,SYN000152,2026-01-01,2026-01-30,08:26:00,305,1234567,1
153,151,77,SYN000153,2026-01-01,2026-01-30,04:05:00,175,1234567,1
154,152,77,SYN000154,2026-01-01,2026-01-30,08:00:00,175,1234567,1
155,153,78,SYN000155,2026-01-01,2026-01-30,06:14:00,460,1234567,1
156,154,78,SYN000156,2026-01-01,2026-01-30,14:54:00,460,1234567,1
157,155,79,SYN000157,2026-01-01,2026-01-30,02:56:00,550,1234567,1
158,156,79,SYN000158,2026-01-01,2026-01-30,13:06:00,550,1234567,1
159,157,80,SYN000159,2026-01-01,2026-01-30,01:08:00,305,1234567,1
160,158,80,SYN000160,2026-01-01,2026-01-30,07:13:00,305,1234567,1
161,159,81,SYN000161,2026-01-01,2026-01-30,05:10:00,305,1234567,1
162,160,81,SYN000162,2026-01-01,2026-01-30,11:15:00,305,1234567,1
163,63,82,SYN000163,2026-01-01,2026-01-30,08:32:00,135,1234567,1
164,64,82,SYN000164,2026-01-01,2026-01-30,11:47:00,135,1234567,1
165,161,83,SYN000165,2026-01-01,2026-01-30,04:49:00,110,1234567,1
166,162,83,SYN000166,2026-01-01,2026-01-30,07:39:00,110,1234567,1
167,163,84,SYN000167,2026-01-01,2026-01-30,12:55:00,95,1234567,1
168,164,84,SYN000168,2026-01-01,2026-01-30,15:30:00,95,1234567,1
169,165,85,SYN000169,2026-01-01,2026-01-30,09:06:00,90,1234567,1
170,166,85,SYN000170,2026-01-01,2026-01-30,11:36:00,90,1234567,1
171,167,86,SYN000171,2026-01-01,2026-01-30,15:02:00,95,1234567,1
172,168,86,SYN000172,2026-01-01,2026-01-30,17:37:00,95,1234567,1
173,169,87,SYN000173,2026-01-01,2026-01-30,08:14:00,320,1234567,1
174,170,87,SYN000174,2026-01-01,2026-01-30,14:34:00,320,1234567,1
175,171,88,SYN000175,2026-01-01,2026-01-30,10:13:00,215,1234567,1
176,172,88,SYN000176,2026-01-01,2026-01-30,14:48:00,215,1234567,1
177,173,89,SYN000177,2026-01-01,2026-01-30,04:39:00,110,1234567,1
178,174,89,SYN000178,2026-01-01,2026-01-30,07:29:00,110,1234567,1
179,175,90,SYN000179,2026-01-01,2026-01-30,05:36:00,105,1234567,1
180,176,90,SYN000180,2026-01-01,2026-01-30,08:21:00,105,1234567,1
181,177,91,SYN000181,2026-01-01,2026-01-30,16:19:00,85,1234567,1
182,178,91,SYN000182,2026-01-01,2026-01-30,18:44:00,85,1234567,1
183,179,92,SYN000183,2026-01-01,2026-01-30,08:25:00,175,1234567,1
184,180,92,SYN000184,2026-01-01,2026-01-30,12:20:00,175,1234567,1
185,181,93,SYN000185,2026-01-01,2026-01-30,14:15:00,105,1234567,1
186,182,93,SYN000186,2026-01-01,2026-01-30,17:00:00,105,1234567,1
187,183,94,SYN000187,2026-01-01,2026-01-30,02:01:00,365,1234567,1
188,184,94,SYN000188,2026-01-01,2026-01-30,09:06:00,365,1234567,1
189,185,95,SYN000189,2026-01-01,2026-01-30,07:29:00,90,1234567,1
190,186,95,SYN000190,2026-01-01,2026-01-30,09:59:00,90,1234567,1
191,187,96,SYN000191,2026-01-01,2026-01-30,12:02:00,110,1234567,1
192,188,96,SYN000192,2026-01-01,2026-01-30,14:52:00,110,1234567,1
193,189,97,SYN000193,2026-01-01,2026-01-30,02:40:00,330,1234567,1
194,190,97,SYN000194,2026-01-01,2026-01-30,09:10:00,330,1234567,1
195,191,98,SYN000195,2026-01-01,2026-01-30,02:57:00,435,1234567,1
196,192,98,SYN000196,2026-01-01,2026-01-30,11:12:00,435,1234567,1
197,193,99,SYN000197,2026-01-01,2026-01-30,04:34:00,160,1234567,1
198,194,99,SYN000198,2026-01-01,2026-01-30,08:14:00,160,1234567,1
199,195,100,SYN000199,2026-01-01,2026-01-30,10:43:00,300,1234567,1
200,196,100,SYN000200,2026-01-01,2026-01-30,16:43:00,300,1234567,1
201,197,101,SYN000201,2026-01-01,2026-01-30,03:57:00,70,1234567,1
202,198,101,SYN000202,2026-01-01,2026-01-30,06:07:00,70,1234567,1
203,199,102,SYN000203,2026-01-01,2026-01-30,03:41:00,420,1234567,1
204,200,102,SYN000204,2026-01-01,2026-01-30,11:41:00,420,1234567,1
205,201,103,SYN000205,2026-01-01,2026-01-30,17:01:00,135,1234567,1
206,202,103,SYN000206,2026-01-01,2026-01-30,20:16:00,135,1234567,1
207,203,104,SYN000207,2026-01-01,2026-01-30,05:00:00,425,1234567,1
208,204,104,SYN000208,2026-01-01,2026-01-30,13:05:00,425,1234567,1
209,205,105,SYN000209,2026-01-01,2026-01-30,02:56:00,565,1234567,1
210,206,105,SYN000210,2026-01-01,2026-01-30,13:21:00,565,1234567,1
211,207,106,SYN000211,2026-01-01,2026-01-30,13:50:00,235,1234567,1
212,208,106,SYN000212,2026-01-01,2026-01-30,18:45:00,235,1234567,1
213,209,107,SYN000213,2026-01-01,2026-01-30,02:42:00,555,1234567,1
214,210,107,SYN000214,2026-01-01,2026-01-30,12:57:00,555,1234567,1
215,211,108,SYN000215,2026-01-01,2026-01-30,13:16:00,170,1234567,1
216,212,108,SYN000216,2026-01-01,2026-01-30,17:06:00,170,1234567,1
217,213,109,SYN000217,2026-01-01,2026-01-30,14:41:00,155,1234567,1
218,214,109,SYN000218,2026-01-01,2026-01-30,18:16:00,155,1234567,1
219,215,110,SYN000219,2026-01-01,2026-01-30,06:31:00,435,1234567,1
220,216,110,SYN000220,2026-01-01,2026-01-30,14:46:00,435,1234567,1
221,217,111,SYN000221,2026-01-01,2026-01-30,01:39:00,455,1234567,1
222,218,111,SYN000222,2026-01-01,2026-01-30,10:14:00,455,1234567,1
223,219,112,SYN000223,2026-01-01,2026-01-30,09:08:00,365,1234567,1
224,220,112,SYN000224,2026-01-01,2026-01-30,16:13:00,365,1234567,1
225,221,113,SYN000225,2026-01-01,2026-01-30,10:24:00,235,1234567,1
226,222,113,SYN000226,2026-01-01,2026-01-30,15:19:00,235,1234567,1
227,223,114,SYN000227,2026-01-01,2026-01-30,01:34:00,505,1234567,1
228,224,114,SYN000228,2026-01-01,2026-01-30,10:59:00,505,1234567,1
229,225,115,SYN000229,2026-01-01,2026-01-30,12:55:00,110,1234567,1
230,226,115,SYN000230,2026-01-01,2026-01-30,15:45:00,110,1234567,1
231,227,116,SYN000231,2026-01-01,2026-01-30,01:13:00,205,1234567,1
232,228,116,SYN000232,2026-01-01,2026-01-30,05:38:00,205,1234567,1
233,229,117,SYN000233,2026-01-01,2026-01-30,09:00:00,360,1234567,1
234,230,117,SYN000234,2026-01-01,2026-01-30,16:00:00,360,1234567,1
235,15,118,SYN000235,2026-01-01,2026-01-30,03:39:00,140,1234567,1
236,16,118,SYN000236,2026-01-01,2026-01-30,06:59:00,140,1234567,1
237,231,119,SYN000237,2026-01-01,2026-01-30,12:00:00,175,1234567,1
238,232,119,SYN000238,2026-01-01,2026-01-30,15:55:00,175,1234567,1
239,233,120,SYN000239,2026-01-01,2026-01-30,03:01:00,135,1234567,1
240,234,120,SYN000240,2026-01-01,2026-01-30,06:16:00,135,1234567,1
241,235,121,SYN000241,2026-01-01,2026-01-30,00:57:00,465,1234567,1
242,236,121,SYN000242,2026-01-01,2026-01-30,09:42:00,465,1234567,1
243,237,122,SYN000243,2026-01-01,2026-01-30,03:07:00,170,1234567,1
244,238,122,SYN000244,2026-01-01,2026-01-30,06:57:00,170,1234567,1
245,239,123,SYN000245,2026-01-01,2026-01-30,10:16:00,95,1234567,1
246,240,123,SYN000246,2026-01-01,2026-01-30,12:51:00,95,1234567,1
247,241,124,SYN000247,2026-01-01,2026-01-30,10:21:00,200,1234567,1
248,242,124,SYN000248,2026-01-01,2026-01-30,14:41:00,200,1234567,1
249,243,125,SYN000249,2026-01-01,2026-01-30,16:07:00,175,1234567,1
250,244,125,SYN000250,2026-01-01,2026-01-30,20:02:00,175,1234567,1
251,245,126,SYN000251,2026-01-01,2026-01-30,04:48:00,435,1234567,1
252,246,126,SYN000252,2026-01-01,2026-01-30,13:03:00,435,1234567,1
253,247,127,SYN000253,2026-01-01,2026-01-30,09:43:00,135,1234567,1
254,248,127,SYN000254,2026-01-01,2026-01-30,12:58:00,135,1234567,1
255,249,128,SYN000255,2026-01-01,2026-01-30,11:17:00,260,1234567,1
256,250,128,SYN000256,2026-01-01,2026-01-30,16:37:00,260,1234567,1
257,251,129,SYN000257,2026-01-01,2026-01-30,08:55:00,365,1234567,1
258,252,129,SYN000258,2026-01-01,2026-01-30,16:00:00,365,1234567,1
259,253,130,SYN000259,2026-01-01,2026-01-30,07:43:00,175,1234567,1
260,254,130,SYN000260,2026-01-01,2026-01-30,11:38:00,175,1234567,1
261,255,131,SYN000261,2026-01-01,2026-01-30,10:23:00,245,1234567,1
262,256,131,SYN000262,2026-01-01,2026-01-30,15:28:00,245,1234567,1
263,257,132,SYN000263,2026-01-01,2026-01-30,06:38:00,135,1234567,1
264,258,132,SYN000264,2026-01-01,2026-01-30,09:53:00,135,1234567,1
265,259,133,SYN000265,2026-01-01,2026-01-30,10:10:00,175,1234567,1
266,260,133,SYN000266,2026-01-01,2026-01-30,14:05:00,175,1234567,1
267,261,134,SYN000267,2026-01-01,2026-01-30,14:05:00,75,1234567,1
268,262,134,SYN000268,2026-01-01,2026-01-30,16:20:00,75,1234567,1
269,263,135,SYN000269,2026-01-01,2026-01-30,00:15:00,520,1234567,1
270,264,135,SYN000270,2026-01-01,2026-01-30,09:55:00,520,1234567,1
271,265,136,SYN000271,2026-01-01,2026-01-30,06:57:00,310,1234567,1
272,266,136,SYN000272,2026-01-01,2026-01-30,13:07:00,310,1234567,1
273,267,137,SYN000273,2026-01-01,2026-01-30,01:23:00,550,1234567,1
274,268,137,SYN000274,2026-01-01,2026-01-30,11:33:00,550,1234567,1
275,269,138,SYN000275,2026-01-01,2026-01-30,01:18:00,360,1234567,1
276,270,138,SYN000276,2026-01-01,2026-01-30,08:18:00,360,1234567,1
277,271,139,SYN000277,2026-01-01,2026-01-30,11:56:00,285,1234567,1
278,272,139,SYN000278,2026-01-01,2026-01-30,17:41:00,285,1234567,1
279,273,140,SYN000279,2026-01-01,2026-01-30,03:12:00,480,1234567,1
280,274,140,SYN000280,2026-01-01,2026-01-30,12:12:00,480,1234567,1
281,275,141,SYN000281,2026-01-01,2026-01-30,00:28:00,110,1234567,1
282,276,141,SYN000282,2026-01-01,2026-01-30,03:18:00,110,1234567,1
283,277,142,SYN000283,2026-01-01,2026-01-30,04:06:00,330,1234567,1
284,278,142,SYN000284,2026-01-01,2026-01-30,10:36:00,330,1234567,1
285,279,143,SYN000285,2026-01-01,2026-01-30,03:40:00,350,1234567,1
286,280,143,SYN000286,2026-01-01,2026-01-30,10:30:00,350,1234567,1
287,281,144,SYN000287,2026-01-01,2026-01-30,09:37:00,210,1234567,1
288,282,144,SYN000288,2026-01-01,2026-01-30,14:07:00,210,1234567,1
289,9,145,SYN000289,2026-01-01,2026-01-30,14:00:00,205,1234567,1
290,10,145,SYN000290,2026-01-01,2026-01-30,18:25:00,205,1234567,1
291,283,146,SYN000291,2026-01-01,2026-01-30,02:06:00,525,1234567,1
292,284,146,SYN000292,2026-01-01,2026-01-30,11:51:00,525,1234567,1
293,285,147,SYN000293,2026-01-01,2026-01-30,02:16:00,425,1234567,1
294,286,147,SYN000294,2026-01-01,2026-01-30,10:21:00,425,1234567,1
295,93,148,SYN000295,2026-01-01,2026-01-30,05:41:00,330,1234567,1
296,94,148,SYN000296,2026-01-01,2026-01-30,12:11:00,330,1234567,1
297,287,149,SYN000297,2026-01-01,2026-01-30,03:53:00,420,1234567,1
298,288,149,SYN000298,2026-01-01,2026-01-30,11:53:00,420,1234567,1
299,289,150,SYN000299,2026-01-01,2026-01-30,10:36:00,235,1234567,1
300,290,150,SYN000300,2026-01-01,2026-01-30,15:31:00,235,1234567,1
301,291,151,SYN000301,2026-01-01,2026-01-30,04:35:00,300,1234567,1
302,292,151,SYN000302,2026-01-01,2026-01-30,10:35:00,300,1234567,1
303,293,152,SYN000303,2026-01-01,2026-01-30,09:57:00,285,1234567,1
304,294,152,SYN000304,2026-01-01,2026-01-30,15:42:00,285,1234567,1
305,295,153,SYN000305,2026-01-01,2026-01-30,14:09:00,140,1234567,1
306,296,153,SYN000306,2026-01-01,2026-01-30,17:29:00,140,1234567,1
307,297,154,SYN000307,2026-01-01,2026-01-30,18:58:00,80,1234567,1
308,298,154,SYN000308,2026-01-01,2026-01-30,21:18:00,80,1234567,1
309,299,155,SYN000309,2026-01-01,2026-01-30,06:56:00,300,1234567,1
310,300,155,SYN000310,2026-01-01,2026-01-30,12:56:00,300,1234567,1
311,301,156,SYN000311,2026-01-01,2026-01-30,00:24:00,550,1234567,1
312,302,156,SYN000312,2026-01-01,2026-01-30,10:34:00,550,1234567,1
313,303,157,SYN000313,2026-01-01,2026-01-30,03:08:00,155,1234567,1
314,304,157,SYN000314,2026-01-01,2026-01-30,06:43:00,155,1234567,1
315,305,158,SYN000315,2026-01-01,2026-01-29,15:27:00,115,1234567,1
316,306,158,SYN000316,2026-01-01,2026-01-29,18:22:00,115,1234567,1
317,307,159,SYN000317,2026-01-01,2026-01-29,00:40:00,555,1234567,1
318,308,159,SYN000318,2026-01-01,2026-01-29,10:55:00,555,1234567,1
319,309,160,SYN000319,2026-01-01,2026-01-29,10:05:00,75,1234567,1
320,310,160,SYN000320,2026-01-01,2026-01-29,12:20:00,75,1234567,1
321,311,161,SYN000321,2026-01-01,2026-01-29,03:04:00,525,1234567,1
322,312,161,SYN000322,2026-01-01,2026-01-29,12:49:00,525,1234567,1
323,313,162,SYN000323,2026-01-01,2026-01-29,02:09:00,530,1234567,1
324,314,162,SYN000324,2026-01-01,2026-01-29,11:59:00,530,1234567,1
325,259,163,SYN000325,2026-01-01,2026-01-29,11:16:00,175,1234567,1
326,260,163,SYN000326,2026-01-01,2026-01-29,15:11:00,175,1234567,1
327,315,164,SYN000327,2026-01-01,2026-01-29,00:56:00,350,1234567,1
328,316,164,SYN000328,2026-01-01,2026-01-29,07:46:00,350,1234567,1
329,317,165,SYN000329,2026-01-01,2026-01-29,05:29:00,450,1234567,1
330,318,165,SYN000330,2026-01-01,2026-01-29,13:59:00,450,1234567,1
331,319,166,SYN000331,2026-01-01,2026-01-29,17:18:00,70,1234567,1
332,320,166,SYN000332,2026-01-01,2026-01-29,19:28:00,70,1234567,1
333,321,167,SYN000333,2026-01-01,2026-01-29,12:33:00,160,1234567,1
334,322,167,SYN000334,2026-01-01,2026-01-29,16:13:00,160,1234567,1
