route_id,airline_id,origin_airport_id,destination_airport_id,distance_km,is_synthetic
1,204284,3622,4185,5834.146,1
2,204284,4185,3622,5834.146,1
3,213140,5536,26874,4942.75,1
4,213140,26874,5536,4942.75,1
5,32396,5598,5544,1040.235,1
6,32396,5544,5598,1040.235,1
7,188920,5598,5576,124.826,1
8,188920,5576,5598,124.826,1
9,174769,5627,5528,2122.007,1
10,174769,5528,5627,2122.007,1
11,185339,5598,5544,1040.235,1
12,185339,5544,5598,1040.235,1
13,9325,5528,26887,3222.387,1
14,9325,26887,5528,3222.387,1
15,131005,5531,5653,1256.994,1
16,131005,5653,5531,1256.994,1
17,32245,5544,28118,5073.323,1
18,32245,28118,5544,5073.323,1
19,32491,3754,2434,6343.876,1
20,32491,2434,3754,6343.876,1
21,204284,5536,5576,150.63,1
22,204284,5576,5536,150.63,1
23,213140,5531,5671,1613.135,1
24,213140,5671,5531,1613.135,1
25,32396,3878,3622,4151.72,1
26,32396,3622,3878,4151.72,1
27,188920,5536,5671,1170.154,1
28,188920,5671,5536,1170.154,1
29,174769,3622,4185,5834.146,1
30,174769,4185,3622,5834.146,1
31,185339,27066,5023,2637.272,1
32,185339,5023,27066,2637.272,1
33,9325,26887,28118,1416.906,1
34,9325,28118,26887,1416.906,1
35,131005,3754,2434,6343.876,1
36,131005,2434,3754,6343.876,1
37,32245,5627,28118,4589.873,1
38,32245,28118,5627,4589.873,1
39,32491,5671,26887,3744.998,1
40,32491,26887,5671,3744.998,1
41,204284,26874,27066,6314.461,1
42,204284,27066,26874,6314.461,1
43,213140,5528,26535,805.935,1
44,213140,26535,5528,805.935,1
45,32396,5598,5653,860.535,1
46,32396,5653,5598,860.535,1
47,188920,5536,5576,150.63,1
48,188920,5576,5536,150.63,1
49,174769,5653,5528,1463.681,1
50,174769,5528,5653,1463.681,1
51,185339,5598,26535,2509.618,1
52,185339,26535,5598,2509.618,1
53,9325,3875,3622,3886.74,1
54,9325,3622,3875,3886.74,1
55,131005,26887,26874,297.473,1
56,131005,26874,26887,297.473,1
57,32245,5531,26874,5409.367,1
58,32245,26874,5531,5409.367,1
59,32491,5598,26535,2509.618,1
60,32491,26535,5598,2509.618,1
61,204284,5531,5536,491.161,1
62,204284,5536,5531,491.161,1
63,213140,5627,5653,1209.762,1
64,213140,5653,5627,1209.762,1
65,32396,5671,26535,1455.881,1
66,32396,26535,5671,1455.881,1
67,188920,5671,5576,1302.224,1
68,188920,5576,5671,1302.224,1
69,174769,5653,5235,6728.534,1
70,174769,5235,5653,6728.534,1
71,185339,1990,2212,6343.62,1
72,185339,2212,1990,6343.62,1
73,9325,28118,26874,1220.571,1
74,9325,26874,28118,1220.571,1
75,131005,3878,3384,3434.7,1
76,131005,3384,3878,3434.7,1
77,32245,5653,5528,1463.681,1
78,32245,5528,5653,1463.681,1
79,32491,26535,26887,2565.867,1
80,32491,26887,26535,2565.867,1
81,204284,2434,2513,370.31,1
82,204284,2513,2434,370.31,1
83,32396,3384,1990,1190.984,1
84,32396,1990,3384,1190.984,1
85,188920,26887,28118,1416.906,1
86,188920,28118,26887,1416.906,1
87,174769,3622,1941,3930.383,1
88,174769,1941,3622,3930.383,1
89,185339,5544,5653,1420.991,1
90,185339,5653,5544,1420.991,1
91,9325,5531,5598,462.338,1
92,9325,5598,5531,462.338,1
93,131005,5671,26887,3744.998,1
94,131005,26887,5671,3744.998,1
95,32245,28118,26874,1220.571,1
96,32245,26874,28118,1220.571,1
97,32491,5627,26535,2902.804,1
98,32491,26535,5627,2902.804,1
99,204284,3754,3384,976.329,1
100,204284,3384,3754,976.329,1
101,213140,3754,4185,6664.694,1
102,213140,4185,3754,6664.694,1
103,32396,5544,26887,5934.442,1
104,32396,26887,5544,5934.442,1
105,188920,3878,3754,2963.921,1
106,188920,3754,3878,2963.921,1
107,174769,5627,5653,1209.762,1
108,174769,5653,5627,1209.762,1
109,185339,2434,5235,5498.493,1
110,185339,5235,2434,5498.493,1
111,9325,3632,1990,3494.036,1
112,9325,1990,3632,3494.036,1
113,131005,5653,26887,4627.381,1
114,131005,26887,5653,4627.381,1
115,32245,5531,5576,340.531,1
116,32245,5576,5531,340.531,1
117,32491,26535,28118,1689.556,1
118,32491,28118,26535,1689.556,1
119,204284,5576,5528,1848.912,1
120,204284,5528,5576,1848.912,1
121,213140,3754,3384,976.329,1
122,213140,3384,3754,976.329,1
123,32396,5627,5528,2122.007,1
124,32396,5528,5627,2122.007,1
125,188920,5627,26887,5300.097,1
126,188920,26887,5627,5300.097,1
127,174769,5544,26874,5952.722,1
128,174769,26874,5544,5952.722,1
129,185339,5576,5653,973.151,1
130,185339,5653,5576,973.151,1
131,9325,5544,5671,2242.23,1
132,9325,5671,5544,2242.23,1
133,131005,26887,28118,1416.906,1
134,131005,28118,26887,1416.906,1
135,32245,26535,5235,5918.995,1
136,32245,5235,26535,5918.995,1
137,32491,5531,26887,5358.048,1
138,32491,26887,5531,5358.048,1
139,204284,3622,3754,1187.811,1
140,204284,3754,3622,1187.811,1
141,213140,2434,2212,654.017,1
142,213140,2212,2434,654.017,1
143,32396,5653,5528,1463.681,1
144,32396,5528,5653,1463.681,1
145,188920,5671,26887,3744.998,1
146,188920,26887,5671,3744.998,1
147,174769,5576,26874,5085.354,1
148,174769,26874,5576,5085.354,1
149,185339,5544,26535,3428.591,1
150,185339,26535,5544,3428.591,1
151,9325,5536,5528,1702.936,1
152,9325,5528,5536,1702.936,1
153,131005,5531,26874,5409.367,1
154,131005,26874,5531,5409.367,1
155,32245,26874,27145,6584.891,1
156,32245,27145,26874,6584.891,1
157,32491,5544,26535,3428.591,1
158,32491,26535,5544,3428.591,1
159,204284,3878,3384,3434.7,1
160,204284,3384,3878,3434.7,1
161,32396,5627,5564,881.894,1
162,32396,5564,5627,881.894,1
163,188920,5671,5528,654.054,1
164,188920,5528,5671,654.054,1
165,174769,5564,5576,600.977,1
166,174769,5576,5564,600.977,1
167,185339,3754,1990,700.415,1
168,185339,1990,3754,700.415,1
169,9325,3384,1941,3611.758,1
170,9325,1941,3384,3611.758,1
171,131005,5544,5671,2242.23,1
172,131005,5671,5544,2242.23,1
173,32245,5564,5671,865.516,1
174,32245,5671,5564,865.516,1
175,32491,5627,5544,819.917,1
176,32491,5544,5627,819.917,1
177,204284,3632,3878,543.246,1
178,204284,3878,3632,543.246,1
179,213140,5536,5528,1702.936,1
180,213140,5528,5536,1702.936,1
181,32396,5627,5544,819.917,1
182,32396,5544,5627,819.917,1
183,188920,5598,28118,4193.669,1
184,188920,28118,5598,4193.669,1
185,174769,3622,1990,588.436,1
186,174769,1990,3622,588.436,1
187,185339,5598,5653,860.535,1
188,185339,5653,5598,860.535,1
189,9325,5671,26887,3744.998,1
190,9325,26887,5671,3744.998,1
191,131005,5576,26874,5085.354,1
192,131005,26874,5576,5085.354,1
193,32245,3632,3875,1536.82,1
194,32245,3875,3632,1536.82,1
195,32491,1990,1941,3345.664,1
196,32491,1941,1990,3345.664,1
197,204284,5531,5576,340.531,1
198,204284,5576,5531,340.531,1
199,213140,5536,26887,4902.159,1
200,213140,26887,5536,4902.159,1
201,32396,5536,5671,1170.154,1
202,32396,5671,5536,1170.154,1
203,188920,5536,26874,4942.75,1
204,188920,26874,5536,4942.75,1
205,174769,3384,2434,6760.901,1
206,174769,2434,3384,6760.901,1
207,185339,5536,26535,2475.447,1
208,185339,26535,5536,2475.447,1
209,9325,3754,4185,6664.694,1
210,9325,4185,3754,6664.694,1
211,131005,26535,28118,1689.556,1
212,131005,28118,26535,1689.556,1
213,32245,5671,26535,1455.881,1
214,32245,26535,5671,1455.881,1
215,32491,5544,28118,5073.323,1
216,32491,28118,5544,5073.323,1
217,204284,5531,26887,5358.048,1
218,204284,26887,5531,5358.048,1
219,213140,5598,28118,4193.669,1
220,213140,28118,5598,4193.669,1
221,32396,5598,26535,2509.618,1
222,32396,26535,5598,2509.618,1
223,188920,26887,27066,6032.518,1
224,188920,27066,26887,6032.518,1
225,174769,5564,5671,865.516,1
226,174769,5671,5564,865.516,1
227,185339,5627,5528,2122.007,1
228,185339,5528,5627,2122.007,1
229,9325,3878,3622,4151.72,1
230,9325,3622,3878,4151.72,1
231,32245,3632,1941,1740.889,1
232,32245,1941,3632,1740.889,1
233,32491,3622,3384,1222.043,1
234,32491,3384,3622,1222.043,1
235,204284,2434,5235,5498.493,1
236,204284,5235,2434,5498.493,1
237,213140,26535,28118,1689.556,1
238,213140,28118,26535,1689.556,1
239,32396,2434,2212,654.017,1
240,32396,2212,2434,654.017,1
241,188920,5653,26535,2069.464,1
242,188920,26535,5653,2069.464,1
243,174769,5536,5528,1702.936,1
244,174769,5528,5536,1702.936,1
245,185339,5576,26874,5085.354,1
246,185339,26874,5576,5085.354,1
247,9325,3384,1990,1190.984,1
248,9325,1990,3384,1190.984,1
249,131005,3632,3754,2802.12,1
250,131005,3754,3632,2802.12,1
251,32245,5598,28118,4193.669,1
252,32245,28118,5598,4193.669,1
253,32491,5536,5528,1702.936,1
254,32491,5528,5536,1702.936,1
255,204284,27066,5023,2637.272,1
256,204284,5023,27066,2637.272,1
257,213140,28118,26874,1220.571,1
258,213140,26874,28118,1220.571,1
259,32396,5598,5528,1739.928,1
260,32396,5528,5598,1739.928,1
261,188920,4185,2212,447.831,1
262,188920,2212,4185,447.831,1
263,174769,3622,2212,6189.009,1
264,174769,2212,3622,6189.009,1
265,185339,3875,3384,3505.051,1
266,185339,3384,3875,3505.051,1
267,9325,26874,27145,6584.891,1
268,9325,27145,26874,6584.891,1
269,131005,3878,3622,4151.72,1
270,131005,3622,3878,4151.72,1
271,32245,5671,28118,3126.762,1
272,32245,28118,5671,3126.762,1
273,32491,1990,2434,5707.196,1
274,32491,2434,1990,5707.196,1
275,204284,5564,5671,865.516,1
276,204284,5671,5564,865.516,1
277,213140,5564,28118,3724.881,1
278,213140,28118,5564,3724.881,1
279,32396,3632,3622,3974.17,1
280,32396,3622,3632,3974.17,1
281,188920,27145,5023,2159.096,1
282,188920,5023,27145,2159.096,1
283,185339,26887,27145,6293.451,1
284,185339,27145,26887,6293.451,1
285,9325,5598,26887,4941.8,1
286,9325,26887,5598,4941.8,1
287,32245,28118,5235,4903.023,1
288,32245,5235,28118,4903.023,1
289,32491,5536,26535,2475.447,1
290,32491,26535,5536,2475.447,1
291,204284,1990,1941,3345.664,1
292,204284,1941,1990,3345.664,1
293,213140,3632,3384,3125.781,1
294,213140,3384,3632,3125.781,1
295,32396,5671,5653,1258.894,1
296,32396,5653,5671,1258.894,1
297,188920,5531,5598,462.338,1
298,188920,5598,5531,462.338,1
299,174769,1990,1941,3345.664,1
300,174769,1941,1990,3345.664,1
301,185339,26874,27145,6584.891,1
302,185339,27145,26874,6584.891,1
303,9325,5653,5528,1463.681,1
304,9325,5528,5653,1463.681,1
305,131005,5531,5564,940.105,1
306,131005,5564,5531,940.105,1
307,32245,3754,4185,6664.694,1
308,32245,4185,3754,6664.694,1
309,32491,5536,5564,451.557,1
310,32491,5564,5536,451.557,1
311,204284,26887,27145,6293.451,1
312,204284,27145,26887,6293.451,1
313,213140,26874,27066,6314.461,1
314,213140,27066,26874,6314.461,1
315,188920,3632,3622,3974.17,1
316,188920,3622,3632,3974.17,1
317,174769,5627,26887,5300.097,1
318,174769,26887,5627,5300.097,1
319,185339,2212,2513,366.482,1
320,185339,2513,2212,366.482,1
321,9325,3632,3875,1536.82,1
322,9325,3875,3632,1536.82,1
